회사이름,공고제목,회사위치,자세히보기
(주)한국송풍기엔지니어링,기계설계 CAD(캐드원) 구인,충남 당진시,https://job.incruit.com/jobdb_info/jobpost.asp?job=2601220003329&src=etc*search
기술인의공간(주),캐드(CAD)원 구인 (도시가스 배관도면),인천 계양구,https://job.incruit.com/jobdb_info/jobpost.asp?job=2601190000477&src=etc*search
KS금속산업,판금캐드사무원,경기 남양주시,https://job.incruit.com/jobdb_info/jobpost.asp?job=2601140004161&src=etc*search
부경레이져,캐드원(CAD) 구합니다,부산 강서구,https://job.incruit.com/jobdb_info/jobpost.asp?job=2601200004056&src=etc*search
(주)길토목기술단,캐드 가능자 모집,광주 북구,https://job.incruit.com/jobdb_info/jobpost.asp?job=2601220003460&src=etc*search
주식회사 설악에너텍,"AutoCad, CAD, 설계, 도면, 문서관리, 사무 채용(경력무관)",강원 원주시,https://job.incruit.com/jobdb_info/jobpost.asp?job=2601140005787&src=etc*search
(주)신광티앤이,LGU 이동통신 공사업체 지상 CAD(캐드) 담당자 모집합니다.,경기 하남시,https://job.incruit.com/jobdb_info/jobpost.asp?job=2601200003657&src=etc*search
미소조경,건축시설물 CAD 설계,경기 양주시,https://job.incruit.com/jobdb_info/jobpost.asp?job=2601200001923&src=etc*search
광신철강(주),(광신철강) CAD 직원 모집,경기 화성시,https://job.incruit.com/jobdb_info/jobpost.asp?job=2601150000392&src=etc*search
(주)강산에스티,캐드 및 사무직 직원 모집,충북 음성군,https://job.incruit.com/jobdb_info/jobpost.asp?job=2601220002945&src=etc*search
신원티앤씨(주),건축 CAD 설계직원 모집,경기 광명시,https://job.incruit.com/jobdb_info/jobpost.asp?job=2601200003951&src=etc*search
(주)천일레이저,"레이저(캐드) 설계(CAD,CAM) 경력직",경기 화성시,https://job.incruit.com/jobdb_info/jobpost.asp?job=2601150002183&src=etc*search
천일엔지니어링,"레이저(캐드) 설계(CAD, CAM)직 모집",경기 화성시,https://job.incruit.com/jobdb_info/jobpost.asp?job=2601150002868&src=etc*search
(주)성신에프에이,캐드(CAD) 설계직원 구인(신입/경력),대구 달서구,https://job.incruit.com/jobdb_info/jobpost.asp?job=2601150000567&src=etc*search
(주)비엘티산업,캐드사원 모집,경기 화성시,https://job.incruit.com/jobdb_info/jobpost.asp?job=2601260002958&src=etc*search
주성디엔에스(주),CAD 설계 및 기술영업 관리 업무,경기 평택시,https://job.incruit.com/jobdb_info/jobpost.asp?job=2601070004002&src=etc*search
(주)인화공업,선박부분품 CAD (캐드원) 모집 - (자재산출),경남 김해시,https://job.incruit.com/jobdb_info/jobpost.asp?job=2601140006592&src=etc*search
(주)태광파인텍,방산 CAD 모집,경남 창원시 성산구,https://job.incruit.com/jobdb_info/jobpost.asp?job=2601140006843&src=etc*search
혜림씨엔에스,CAD 사무원 모집,경남 밀양시,https://job.incruit.com/jobdb_info/jobpost.asp?job=2601160001692&src=etc*search
(주)연암테크,설계파트 - 캐드 경력자 및 초보자,경남 김해시,https://job.incruit.com/jobdb_info/jobpost.asp?job=2601140010039&src=etc*search
명왕FA,레이저 CAD/CAM 설계 직원 채용,경남 양산시,https://job.incruit.com/jobdb_info/jobpost.asp?job=2601200002769&src=etc*search
동우씨엠(주),캐드원 정규직 채용,경북 경산시,https://job.incruit.com/jobdb_info/jobpost.asp?job=2601200002658&src=etc*search
(주)대진에스에이,Auto Cad 판금 전개 및 설계 모집,경기 화성시,https://job.incruit.com/jobdb_info/jobpost.asp?job=2601140003078&src=etc*search
하나산업(주),CAD직원모집,경기 광주시,https://job.incruit.com/jobdb_info/jobpost.asp?job=2601230003567&src=etc*search
파워큐브세미(주),[경력] Heater CAD 도면작업 및 기술 영업,경기 성남시 수정구,https://job.incruit.com/jobdb_info/jobpost.asp?job=2512080002468&src=etc*search
성신벤딩,CAD/CAM 작업 가능하신 캐드원 구인합니다.,경남 양산시,https://job.incruit.com/jobdb_info/jobpost.asp?job=2601220001166&src=etc*search
신양철강,캐드 사무직,경기 평택시,https://job.incruit.com/jobdb_info/jobpost.asp?job=2601160003535&src=etc*search
동주산업,CAD 구인,경기 화성시,https://job.incruit.com/jobdb_info/jobpost.asp?job=2601140002622&src=etc*search
뉴테크코리아,사무업무 및 캐드 직원구인합니다.,경기 화성시,https://job.incruit.com/jobdb_info/jobpost.asp?job=2601140010947&src=etc*search
(주)태광프랜트,"설계,CAD직원",경기 안산시 상록구,https://job.incruit.com/jobdb_info/jobpost.asp?job=2601230002185&src=etc*search
